series,date,sector,gdp,hours,employment,output_hour,output_employment
abs,1/1/2015,p0,1176941,32707,55969,36,21028.4
abs,1/1/2015,p1,97539,3872,7505,25.2,12996.5
abs,1/1/2015,p2,103059,191,316,539.6,326136.1
abs,1/1/2015,p3,262379,5763,9515,45.5,27575.3
abs,1/1/2015,p3.1,25141,860,1534,29.2,16389.2
abs,1/1/2015,p3.2,7597,44,71,172.7,107000
abs,1/1/2015,p3.3,4924,440,892,11.2,5520.2
abs,1/1/2015,p3.4,17786,803,1253,22.1,14194.7
abs,1/1/2015,p3.5,78306,958,1508,81.7,51927.1
abs,1/1/2015,p3.6,31573,821,1308,38.5,24138.4
abs,1/1/2015,p3.7,70243,1333,2132,52.7,32947
abs,1/1/2015,p3.8,26810,507,819,52.9,32735
abs,1/1/2015,p4,55382,3666,6070,15.1,9123.9
abs,1/1/2015,p5,643883,19216,32563,33.5,19773.5
abs,1/1/2015,p5.1,31709,231,394,137.3,80479.7
abs,1/1/2015,p5.2,184023,5215,8522,35.3,21593.9
abs,1/1/2015,p5.3,36219,3093,5247,11.7,6902.8
abs,1/1/2015,p5.4,42057,1211,1965,34.7,21403.1
abs,1/1/2015,p5.5,62304,487,821,127.9,75887.9
abs,1/1/2015,p5.6,78633,813,1396,96.7,56327.4
abs,1/1/2015,p5.7,51430,2406,3929,21.4,13089.8
abs,1/1/2015,p5.8,157507,5761,10289,27.3,15308.3
abs,1/1/2016,p0,1229312,33199,56721,37,21673
abs,1/1/2016,p1,93977,3741,7101,25.1,13234.3
abs,1/1/2016,p2,105368,190,305,554.6,345468.9
abs,1/1/2016,p3,273898,5808,9565,47.2,28635.4
abs,1/1/2016,p3.1,25568,921,1628,27.8,15705.2
abs,1/1/2016,p3.2,8109,43,71,188.6,114211.3
abs,1/1/2016,p3.3,5264,460,887,11.4,5934.6
abs,1/1/2016,p3.4,18770,780,1227,24.1,15297.5
abs,1/1/2016,p3.5,81716,966,1526,84.6,53549.1
abs,1/1/2016,p3.6,32906,832,1334,39.6,24667.2
abs,1/1/2016,p3.7,75555,1343,2147,56.3,35191
abs,1/1/2016,p3.8,26007,461,745,56.4,34908.7
abs,1/1/2016,p4,59507,3600,5995,16.5,9926.1
abs,1/1/2016,p5,680562,19859,33755,34.3,20161.8
abs,1/1/2016,p5.1,33413,239,395,139.8,84589.9
abs,1/1/2016,p5.2,195707,5556,9119,35.2,21461.5
abs,1/1/2016,p5.3,38831,3175,5471,12.2,7097.6
abs,1/1/2016,p5.4,44463,1269,2051,35,21678.7
abs,1/1/2016,p5.5,67302,483,812,139.3,82884.2
abs,1/1/2016,p5.6,80721,810,1404,99.7,57493.6
abs,1/1/2016,p5.7,54965,2503,4079,22,13475.1
abs,1/1/2016,p5.8,165161,5826,10424,28.3,15844.3
abs,1/1/2017,p0,1300768,33877,57836,38.4,22490.6
abs,1/1/2017,p1,99508,3893,7357,25.6,13525.6
abs,1/1/2017,p2,105837,196,322,540,328686.3
abs,1/1/2017,p3,290464,5944,9763,48.9,29751.5
abs,1/1/2017,p3.1,28420,946,1664,30,17079.3
abs,1/1/2017,p3.2,8599,45,73,191.1,117794.5
abs,1/1/2017,p3.3,5682,463,899,12.3,6320.4
abs,1/1/2017,p3.4,19657,761,1207,25.8,16285.8
abs,1/1/2017,p3.5,84997,997,1556,85.3,54625.3
abs,1/1/2017,p3.6,34517,891,1411,38.7,24462.8
abs,1/1/2017,p3.7,81217,1370,2181,59.3,37238.4
abs,1/1/2017,p3.8,27374,469,771,58.4,35504.5
abs,1/1/2017,p4,63522,3602,5990,17.6,10604.7
abs,1/1/2017,p5,723361,20242,34404,35.7,21025.5
abs,1/1/2017,p5.1,34396,234,394,147,87299.5
abs,1/1/2017,p5.2,209885,5803,9495,36.2,22104.8
abs,1/1/2017,p5.3,41748,3297,5613,12.7,7437.7
abs,1/1/2017,p5.4,47213,1264,2065,37.4,22863.4
abs,1/1/2017,p5.5,73114,519,861,140.9,84917.5
abs,1/1/2017,p5.6,84531,832,1446,101.6,58458.5
abs,1/1/2017,p5.7,59132,2573,4220,23,14012.3
abs,1/1/2017,p5.8,173343,5718,10305,30.3,16821.3
abs,1/1/2018,p0,1363766,34312,59241,39.7,23020.6
abs,1/1/2018,p1,99637,3870,7376,25.7,13508.3
abs,1/1/2018,p2,103557,186,302,556.8,342904
abs,1/1/2018,p3,304843,6042,10006,50.5,30466
abs,1/1/2018,p3.1,29469,955,1716,30.9,17173.1
abs,1/1/2018,p3.2,8819,48,76,183.7,116039.5
abs,1/1/2018,p3.3,5927,494,958,12,6186.8
abs,1/1/2018,p3.4,20569,774,1209,26.6,17013.2
abs,1/1/2018,p3.5,88419,1014,1581,87.2,55926
abs,1/1/2018,p3.6,36224,892,1443,40.6,25103.3
abs,1/1/2018,p3.7,86317,1393,2249,62,38380.2
abs,1/1/2018,p3.8,29099,474,775,61.4,37547.1
abs,1/1/2018,p4,66194,3615,6037,18.3,10964.7
abs,1/1/2018,p5,772990,20599,35519,37.5,21762.7
abs,1/1/2018,p5.1,36108,239,405,151.1,89155.6
abs,1/1/2018,p5.2,227166,5934,9795,38.3,23192
abs,1/1/2018,p5.3,45503,3524,6065,12.9,7502.6
abs,1/1/2018,p5.4,50210,1289,2103,39,23875.4
abs,1/1/2018,p5.5,79111,533,894,148.4,88491.1
abs,1/1/2018,p5.6,89088,846,1473,105.3,60480.7
abs,1/1/2018,p5.7,63745,2627,4369,24.3,14590.3
abs,1/1/2018,p5.8,182061,5610,10415,32.5,17480.7
abs,1/1/2019,p0,1423952,35026,60505,40.7,23534.5
abs,1/1/2019,p1,101574,3938,7492,25.8,13557.7
abs,1/1/2019,p2,102888,184,302,559.2,340688.7
abs,1/1/2019,p3,316283,6118,10212,51.7,30971.7
abs,1/1/2019,p3.1,30447,1001,1757,30.4,17329
abs,1/1/2019,p3.2,9182,48,78,191.3,117717.9
abs,1/1/2019,p3.3,6252,516,1010,12.1,6190.1
abs,1/1/2019,p3.4,21684,766,1228,28.3,17658
abs,1/1/2019,p3.5,90982,1004,1609,90.6,56545.7
abs,1/1/2019,p3.6,37716,904,1450,41.7,26011
abs,1/1/2019,p3.7,89133,1403,2299,63.5,38770.3
abs,1/1/2019,p3.8,30886,477,782,64.8,39496.2
abs,1/1/2019,p4,66452,3497,5852,19,11355.4
abs,1/1/2019,p5,820576,21286,36645,38.6,22392.6
abs,1/1/2019,p5.1,38327,244,413,157.1,92801.5
abs,1/1/2019,p5.2,242705,6092,10116,39.8,23992.2
abs,1/1/2019,p5.3,49822,3807,6531,13.1,7628.5
abs,1/1/2019,p5.4,53632,1320,2158,40.6,24852.6
abs,1/1/2019,p5.5,84226,556,944,151.5,89222.5
abs,1/1/2019,p5.6,93358,863,1499,108.2,62280.2
abs,1/1/2019,p5.7,68762,2694,4506,25.5,15260.1
abs,1/1/2019,p5.8,189747,5708,10481,33.2,18103.9
abs,1/1/2020,p0,1346249,31971,60385,42.1,22294.4
abs,1/1/2020,p1,99109,3778,7463,26.2,13280
abs,1/1/2020,p2,92879,168,295,552.9,314844.1
abs,1/1/2020,p3,307606,5569,10206,55.2,30139.7
abs,1/1/2020,p3.1,30881,951,1793,32.5,17223.1
abs,1/1/2020,p3.2,7708,42,71,183.5,108563.4
abs,1/1/2020,p3.3,5444,504,1005,10.8,5416.9
abs,1/1/2020,p3.4,20075,653,1197,30.7,16771.1
abs,1/1/2020,p3.5,90084,945,1639,95.3,54962.8
abs,1/1/2020,p3.6,32797,813,1452,40.3,22587.5
abs,1/1/2020,p3.7,91361,1263,2302,72.3,39687.7
abs,1/1/2020,p3.8,29255,400,745,73.1,39268.5
abs,1/1/2020,p4,53616,2972,5596,18,9581.1
abs,1/1/2020,p5,777693,19483,36823,39.9,21119.8
abs,1/1/2020,p5.1,37950,225,416,168.7,91226
abs,1/1/2020,p5.2,228561,5570,10229,41,22344.4
abs,1/1/2020,p5.3,36538,3370,6503,10.8,5618.6
abs,1/1/2020,p5.4,42077,1159,2156,36.3,19516.2
abs,1/1/2020,p5.5,89203,524,973,170.2,91678.3
abs,1/1/2020,p5.6,96102,802,1505,119.8,63855.1
abs,1/1/2020,p5.7,58766,2469,4547,23.8,12924.1
abs,1/1/2020,p5.8,188495,5363,10491,35.1,17967.3
abs,1/1/2021,p0,1390881,33839,61160,41.1,22741.7
abs,1/1/2021,p1,98843,3954,7494,25,13189.6
abs,1/1/2021,p2,93717,176,300,532.5,312390
abs,1/1/2021,p3,336725,5917,10471,56.9,32157.9
abs,1/1/2021,p3.1,31515,1017,1877,31,16790.1
abs,1/1/2021,p3.2,7756,40,71,193.9,109239.4
abs,1/1/2021,p3.3,5837,522,1045,11.2,5585.6
abs,1/1/2021,p3.4,21341,666,1197,32,17828.7
abs,1/1/2021,p3.5,101787,1015,1699,100.3,59909.9
abs,1/1/2021,p3.6,34102,853,1468,40,23230.2
abs,1/1/2021,p3.7,104745,1371,2362,76.4,44345.9
abs,1/1/2021,p3.8,29641,434,753,68.3,39363.9
abs,1/1/2021,p4,50839,3073,5541,16.5,9175.1
abs,1/1/2021,p5,795117,20722,37351,38.4,21287.7
abs,1/1/2021,p5.1,39022,235,422,166.1,92469.2
abs,1/1/2021,p5.2,233687,5895,10458,39.6,22345.3
abs,1/1/2021,p5.3,32622,3641,6565,9,4969.1
abs,1/1/2021,p5.4,42603,1247,2139,34.2,19917.3
abs,1/1/2021,p5.5,94601,579,998,163.4,94790.6
abs,1/1/2021,p5.6,105771,844,1497,125.3,70655.3
abs,1/1/2021,p5.7,53420,2554,4494,20.9,11887
abs,1/1/2021,p5.8,193392,5727,10777,33.8,17944.9
abs,1/1/2022,p0,1516503,36123,63049,42,24052.8
abs,1/1/2022,p1,100164,4006,7444,25,13455.7
abs,1/1/2022,p2,97003,182,304,533,319088.8
abs,1/1/2022,p3,364225,6400,10878,56.9,33482.7
abs,1/1/2022,p3.1,32952,1116,1973,29.5,16701.5
abs,1/1/2022,p3.2,9017,43,72,209.7,125236.1
abs,1/1/2022,p3.3,6170,564,1083,10.9,5697.1
abs,1/1/2022,p3.4,22947,745,1230,30.8,18656.1
abs,1/1/2022,p3.5,102932,1059,1743,97.2,59054.5
abs,1/1/2022,p3.6,36689,909,1508,40.4,24329.6
abs,1/1/2022,p3.7,119624,1488,2471,80.4,48411.2
abs,1/1/2022,p3.8,33892,478,795,70.9,42631.4
abs,1/1/2022,p4,53455,3291,5530,16.2,9666.4
abs,1/1/2022,p5,884871,22244,38894,39.8,22750.8
abs,1/1/2022,p5.1,40399,255,435,158.4,92871.3
abs,1/1/2022,p5.2,265943,6451,11008,41.2,24159.1
abs,1/1/2022,p5.3,43894,3907,6915,11.2,6347.7
abs,1/1/2022,p5.4,55250,1388,2296,39.8,24063.6
abs,1/1/2022,p5.5,99477,619,1037,160.7,95927.7
abs,1/1/2022,p5.6,106156,842,1500,126.1,70770.7
abs,1/1/2022,p5.7,66209,2723,4631,24.3,14296.9
abs,1/1/2022,p5.8,207539,6059,11072,34.3,18744.5
abs,1/1/2023,p0,1570142,37383,64806,42,24228.3
abs,1/1/2023,p1,100393,4070,7494,24.7,13396.5
abs,1/1/2023,p2,97537,186,304,524.4,320845.4
abs,1/1/2023,p3,366794,6632,11188,55.3,32784.6
abs,1/1/2023,p3.1,34628,1176,2085,29.4,16608.2
abs,1/1/2023,p3.2,9573,44,76,217.6,125960.5
abs,1/1/2023,p3.3,6244,552,1048,11.3,5958
abs,1/1/2023,p3.4,22864,780,1280,29.3,17862.5
abs,1/1/2023,p3.5,102106,1086,1764,94,57883.2
abs,1/1/2023,p3.6,38584,930,1542,41.5,25022
abs,1/1/2023,p3.7,117718,1559,2561,75.5,45965.6
abs,1/1/2023,p3.8,35075,504,833,69.6,42106.8
abs,1/1/2023,p4,56663,3344,5589,16.9,10138.3
abs,1/1/2023,p5,930363,23153,40230,40.2,23126.1
abs,1/1/2023,p5.1,41488,263,439,157.7,94505.7
abs,1/1/2023,p5.2,281713,6603,11242,42.7,25059
abs,1/1/2023,p5.3,47019,4268,7500,11,6269.2
abs,1/1/2023,p5.4,62785,1463,2417,42.9,25976.4
abs,1/1/2023,p5.5,103019,638,1086,161.5,94861
abs,1/1/2023,p5.6,103581,870,1529,119.1,67744.3
abs,1/1/2023,p5.7,71880,2849,4757,25.2,15110.4
abs,1/1/2023,p5.8,218879,6199,11259,35.3,19440.4
abs,1/1/2024,p0,1650305,38483,66500,42.9,24816.6
abs,1/1/2024,p1,103458,4101,7556,25.2,13692.2
abs,1/1/2024,p2,98432,187,305,526.4,322727.9
abs,1/1/2024,p3,382034,6765,11359,56.5,33632.7
abs,1/1/2024,p3.1,36331,1222,2137,29.7,17000.9
abs,1/1/2024,p3.2,10349,49,76,211.2,136171.1
abs,1/1/2024,p3.3,6404,557,1061,11.5,6035.8
abs,1/1/2024,p3.4,24026,777,1301,30.9,18467.3
abs,1/1/2024,p3.5,105417,1134,1804,93,58435.1
abs,1/1/2024,p3.6,41470,946,1577,43.8,26296.8
abs,1/1/2024,p3.7,122567,1573,2564,77.9,47803
abs,1/1/2024,p3.8,35469,509,839,69.7,42275.3
abs,1/1/2024,p4,66579,3340,5639,19.9,11806.9
abs,1/1/2024,p5,980110,24089,41640,40.7,23537.7
abs,1/1/2024,p5.1,42983,271,461,158.6,93238.6
abs,1/1/2024,p5.2,293744,6845,11629,42.9,25259.6
abs,1/1/2024,p5.3,49919,4538,7986,11,6250.8
abs,1/1/2024,p5.4,69511,1497,2517,46.4,27616.6
abs,1/1/2024,p5.5,106518,665,1115,160.2,95531.8
abs,1/1/2024,p5.6,108692,909,1558,119.6,69763.8
abs,1/1/2024,p5.7,78708,2942,4891,26.8,16092.4
abs,1/1/2024,p5.8,230038,6425,11481,35.8,20036.4
growth_yoy,1/1/2016,p0,4.4,1.5,1.3,2.9,3.1
growth_yoy,1/1/2016,p1,-3.7,-3.4,-5.4,-0.3,1.8
growth_yoy,1/1/2016,p2,2.2,-0.5,-3.5,2.8,5.9
growth_yoy,1/1/2016,p3,4.4,0.8,0.5,3.6,3.8
growth_yoy,1/1/2016,p3.1,1.7,7.1,6.1,-5,-4.2
growth_yoy,1/1/2016,p3.2,6.7,-2.3,0,9.2,6.7
growth_yoy,1/1/2016,p3.3,6.9,4.5,-0.6,2.3,7.5
growth_yoy,1/1/2016,p3.4,5.5,-2.9,-2.1,8.6,7.8
growth_yoy,1/1/2016,p3.5,4.4,0.8,1.2,3.5,3.1
growth_yoy,1/1/2016,p3.6,4.2,1.3,2,2.8,2.2
growth_yoy,1/1/2016,p3.7,7.6,0.8,0.7,6.8,6.8
growth_yoy,1/1/2016,p3.8,-3,-9.1,-9,6.7,6.6
growth_yoy,1/1/2016,p4,7.4,-1.8,-1.2,9.4,8.8
growth_yoy,1/1/2016,p5,5.7,3.3,3.7,2.3,2
growth_yoy,1/1/2016,p5.1,5.4,3.5,0.3,1.8,5.1
growth_yoy,1/1/2016,p5.2,6.3,6.5,7,-0.2,-0.6
growth_yoy,1/1/2016,p5.3,7.2,2.7,4.3,4.4,2.8
growth_yoy,1/1/2016,p5.4,5.7,4.8,4.4,0.9,1.3
growth_yoy,1/1/2016,p5.5,8,-0.8,-1.1,8.9,9.2
growth_yoy,1/1/2016,p5.6,2.7,-0.4,0.6,3,2.1
growth_yoy,1/1/2016,p5.7,6.9,4,3.8,2.7,2.9
growth_yoy,1/1/2016,p5.8,4.9,1.1,1.3,3.7,3.5
growth_yoy,1/1/2017,p0,5.8,2,2,3.7,3.8
growth_yoy,1/1/2017,p1,5.9,4.1,3.6,1.8,2.2
growth_yoy,1/1/2017,p2,0.4,3.2,5.6,-2.6,-4.9
growth_yoy,1/1/2017,p3,6,2.3,2.1,3.6,3.9
growth_yoy,1/1/2017,p3.1,11.2,2.7,2.2,8.2,8.7
growth_yoy,1/1/2017,p3.2,6,4.7,2.8,1.3,3.1
growth_yoy,1/1/2017,p3.3,7.9,0.7,1.4,7.2,6.5
growth_yoy,1/1/2017,p3.4,4.7,-2.4,-1.6,7.3,6.5
growth_yoy,1/1/2017,p3.5,4,3.2,2,0.8,2
growth_yoy,1/1/2017,p3.6,4.9,7.1,5.8,-2.1,-0.8
growth_yoy,1/1/2017,p3.7,7.5,2,1.6,5.4,5.8
growth_yoy,1/1/2017,p3.8,5.3,1.7,3.5,3.5,1.7
growth_yoy,1/1/2017,p4,6.7,0.1,-0.1,6.7,6.8
growth_yoy,1/1/2017,p5,6.3,1.9,1.9,4.3,4.3
growth_yoy,1/1/2017,p5.1,2.9,-2.1,-0.3,5.1,3.2
growth_yoy,1/1/2017,p5.2,7.2,4.4,4.1,2.7,3
growth_yoy,1/1/2017,p5.3,7.5,3.8,2.6,3.5,4.8
growth_yoy,1/1/2017,p5.4,6.2,-0.4,0.7,6.6,5.5
growth_yoy,1/1/2017,p5.5,8.6,7.5,6,1.1,2.5
growth_yoy,1/1/2017,p5.6,4.7,2.7,3,2,1.7
growth_yoy,1/1/2017,p5.7,7.6,2.8,3.5,4.7,4
growth_yoy,1/1/2017,p5.8,5,-1.9,-1.1,6.9,6.2
growth_yoy,1/1/2018,p0,4.8,1.3,2.4,3.5,2.4
growth_yoy,1/1/2018,p1,0.1,-0.6,0.3,0.7,-0.1
growth_yoy,1/1/2018,p2,-2.2,-5.1,-6.2,3.1,4.3
growth_yoy,1/1/2018,p3,5,1.6,2.5,3.2,2.4
growth_yoy,1/1/2018,p3.1,3.7,1,3.1,2.7,0.5
growth_yoy,1/1/2018,p3.2,2.6,6.7,4.1,-3.9,-1.5
growth_yoy,1/1/2018,p3.3,4.3,6.7,6.6,-2.2,-2.1
growth_yoy,1/1/2018,p3.4,4.6,1.7,0.2,2.9,4.5
growth_yoy,1/1/2018,p3.5,4,1.7,1.6,2.3,2.4
growth_yoy,1/1/2018,p3.6,4.9,0.1,2.3,4.8,2.6
growth_yoy,1/1/2018,p3.7,6.3,1.7,3.1,4.5,3.1
growth_yoy,1/1/2018,p3.8,6.3,1.1,0.5,5.2,5.8
growth_yoy,1/1/2018,p4,4.2,0.4,0.8,3.8,3.4
growth_yoy,1/1/2018,p5,6.9,1.8,3.2,5,3.5
growth_yoy,1/1/2018,p5.1,5,2.1,2.8,2.8,2.1
growth_yoy,1/1/2018,p5.2,8.2,2.3,3.2,5.8,4.9
growth_yoy,1/1/2018,p5.3,9,6.9,8.1,2,0.9
growth_yoy,1/1/2018,p5.4,6.3,2,1.8,4.3,4.4
growth_yoy,1/1/2018,p5.5,8.2,2.7,3.8,5.4,4.2
growth_yoy,1/1/2018,p5.6,5.4,1.7,1.9,3.6,3.5
growth_yoy,1/1/2018,p5.7,7.8,2.1,3.5,5.6,4.1
growth_yoy,1/1/2018,p5.8,5,-1.9,1.1,7.1,3.9
growth_yoy,1/1/2019,p0,4.4,2.1,2.1,2.3,2.2
growth_yoy,1/1/2019,p1,1.9,1.8,1.6,0.2,0.4
growth_yoy,1/1/2019,p2,-0.6,-1.1,0,0.4,-0.6
growth_yoy,1/1/2019,p3,3.8,1.3,2.1,2.5,1.7
growth_yoy,1/1/2019,p3.1,3.3,4.8,2.4,-1.4,0.9
growth_yoy,1/1/2019,p3.2,4.1,0,2.6,4.1,1.4
growth_yoy,1/1/2019,p3.3,5.5,4.5,5.4,1,0.1
growth_yoy,1/1/2019,p3.4,5.4,-1,1.6,6.5,3.8
growth_yoy,1/1/2019,p3.5,2.9,-1,1.8,3.9,1.1
growth_yoy,1/1/2019,p3.6,4.1,1.3,0.5,2.7,3.6
growth_yoy,1/1/2019,p3.7,3.3,0.7,2.2,2.5,1
growth_yoy,1/1/2019,p3.8,6.1,0.6,0.9,5.5,5.2
growth_yoy,1/1/2019,p4,0.4,-3.3,-3.1,3.8,3.6
growth_yoy,1/1/2019,p5,6.2,3.3,3.2,2.7,2.9
growth_yoy,1/1/2019,p5.1,6.1,2.1,2,4,4.1
growth_yoy,1/1/2019,p5.2,6.8,2.7,3.3,4.1,3.5
growth_yoy,1/1/2019,p5.3,9.5,8,7.7,1.4,1.7
growth_yoy,1/1/2019,p5.4,6.8,2.4,2.6,4.3,4.1
growth_yoy,1/1/2019,p5.5,6.5,4.3,5.6,2.1,0.8
growth_yoy,1/1/2019,p5.6,4.8,2,1.8,2.7,3
growth_yoy,1/1/2019,p5.7,7.9,2.6,3.1,5.2,4.6
growth_yoy,1/1/2019,p5.8,4.2,1.7,0.6,2.4,3.6
growth_yoy,1/1/2020,p0,-5.5,-8.7,-0.2,3.6,-5.3
growth_yoy,1/1/2020,p1,-2.4,-4.1,-0.4,1.7,-2
growth_yoy,1/1/2020,p2,-9.7,-8.7,-2.3,-1.1,-7.6
growth_yoy,1/1/2020,p3,-2.7,-9,-0.1,6.8,-2.7
growth_yoy,1/1/2020,p3.1,1.4,-5,2,6.8,-0.6
growth_yoy,1/1/2020,p3.2,-16.1,-12.5,-9,-4.1,-7.8
growth_yoy,1/1/2020,p3.3,-12.9,-2.3,-0.5,-10.9,-12.5
growth_yoy,1/1/2020,p3.4,-7.4,-14.8,-2.5,8.6,-5
growth_yoy,1/1/2020,p3.5,-1,-5.9,1.9,5.2,-2.8
growth_yoy,1/1/2020,p3.6,-13,-10.1,0.1,-3.3,-13.2
growth_yoy,1/1/2020,p3.7,2.5,-10,0.1,13.9,2.4
growth_yoy,1/1/2020,p3.8,-5.3,-16.1,-4.7,13,-0.6
growth_yoy,1/1/2020,p4,-19.3,-15,-4.4,-5.1,-15.6
growth_yoy,1/1/2020,p5,-5.2,-8.5,0.5,3.5,-5.7
growth_yoy,1/1/2020,p5.1,-1,-7.8,0.7,7.4,-1.7
growth_yoy,1/1/2020,p5.2,-5.8,-8.6,1.1,3,-6.9
growth_yoy,1/1/2020,p5.3,-26.7,-11.5,-0.4,-17.2,-26.3
growth_yoy,1/1/2020,p5.4,-21.5,-12.2,-0.1,-10.6,-21.5
growth_yoy,1/1/2020,p5.5,5.9,-5.8,3.1,12.4,2.8
growth_yoy,1/1/2020,p5.6,2.9,-7.1,0.4,10.8,2.5
growth_yoy,1/1/2020,p5.7,-14.5,-8.4,0.9,-6.7,-15.3
growth_yoy,1/1/2020,p5.8,-0.7,-6,0.1,5.7,-0.8
growth_yoy,1/1/2021,p0,3.3,5.8,1.3,-2.4,2
growth_yoy,1/1/2021,p1,-0.3,4.7,0.4,-4.7,-0.7
growth_yoy,1/1/2021,p2,0.9,4.8,1.7,-3.7,-0.8
growth_yoy,1/1/2021,p3,9.5,6.2,2.6,3,6.7
growth_yoy,1/1/2021,p3.1,2.1,6.9,4.7,-4.6,-2.5
growth_yoy,1/1/2021,p3.2,0.6,-4.8,0,5.7,0.6
growth_yoy,1/1/2021,p3.3,7.2,3.6,4,3.5,3.1
growth_yoy,1/1/2021,p3.4,6.3,2,0,4.2,6.3
growth_yoy,1/1/2021,p3.5,13,7.4,3.7,5.2,9
growth_yoy,1/1/2021,p3.6,4,4.9,1.1,-0.9,2.8
growth_yoy,1/1/2021,p3.7,14.6,8.6,2.6,5.6,11.7
growth_yoy,1/1/2021,p3.8,1.3,8.5,1.1,-6.6,0.2
growth_yoy,1/1/2021,p4,-5.2,3.4,-1,-8.3,-4.2
growth_yoy,1/1/2021,p5,2.2,6.4,1.4,-3.9,0.8
growth_yoy,1/1/2021,p5.1,2.8,4.4,1.4,-1.6,1.4
growth_yoy,1/1/2021,p5.2,2.2,5.8,2.2,-3.4,0
growth_yoy,1/1/2021,p5.3,-10.7,8,1,-17.4,-11.6
growth_yoy,1/1/2021,p5.4,1.3,7.6,-0.8,-5.9,2.1
growth_yoy,1/1/2021,p5.5,6.1,10.5,2.6,-4,3.4
growth_yoy,1/1/2021,p5.6,10.1,5.2,-0.5,4.6,10.6
growth_yoy,1/1/2021,p5.7,-9.1,3.4,-1.2,-12.1,-8
growth_yoy,1/1/2021,p5.8,2.6,6.8,2.7,-3.9,-0.1
growth_yoy,1/1/2022,p0,9,6.7,3.1,2.1,5.8
growth_yoy,1/1/2022,p1,1.3,1.3,-0.7,0,2
growth_yoy,1/1/2022,p2,3.5,3.4,1.3,0.1,2.1
growth_yoy,1/1/2022,p3,8.2,8.2,3.9,0,4.1
growth_yoy,1/1/2022,p3.1,4.6,9.7,5.1,-4.7,-0.5
growth_yoy,1/1/2022,p3.2,16.3,7.5,1.4,8.1,14.6
growth_yoy,1/1/2022,p3.3,5.7,8,3.6,-2.2,2
growth_yoy,1/1/2022,p3.4,7.5,11.9,2.8,-3.9,4.6
growth_yoy,1/1/2022,p3.5,1.1,4.3,2.6,-3.1,-1.4
growth_yoy,1/1/2022,p3.6,7.6,6.6,2.7,1,4.7
growth_yoy,1/1/2022,p3.7,14.2,8.5,4.6,5.2,9.2
growth_yoy,1/1/2022,p3.8,14.3,10.1,5.6,3.8,8.3
growth_yoy,1/1/2022,p4,5.1,7.1,-0.2,-1.8,5.4
growth_yoy,1/1/2022,p5,11.3,7.3,4.1,3.7,6.9
growth_yoy,1/1/2022,p5.1,3.5,8.5,3.1,-4.6,0.4
growth_yoy,1/1/2022,p5.2,13.8,9.4,5.3,4,8.1
growth_yoy,1/1/2022,p5.3,34.6,7.3,5.3,25.4,27.7
growth_yoy,1/1/2022,p5.4,29.7,11.3,7.3,16.5,20.8
growth_yoy,1/1/2022,p5.5,5.2,6.9,3.9,-1.6,1.2
growth_yoy,1/1/2022,p5.6,0.4,-0.2,0.2,0.6,0.2
growth_yoy,1/1/2022,p5.7,23.9,6.6,3,16.2,20.3
growth_yoy,1/1/2022,p5.8,7.3,5.8,2.7,1.4,4.5
growth_yoy,1/1/2023,p0,3.5,3.5,2.8,0,0.7
growth_yoy,1/1/2023,p1,0.2,1.6,0.7,-1.3,-0.4
growth_yoy,1/1/2023,p2,0.6,2.2,0,-1.6,0.6
growth_yoy,1/1/2023,p3,0.7,3.6,2.8,-2.8,-2.1
growth_yoy,1/1/2023,p3.1,5.1,5.4,5.7,-0.3,-0.6
growth_yoy,1/1/2023,p3.2,6.2,2.3,5.6,3.8,0.6
growth_yoy,1/1/2023,p3.3,1.2,-2.1,-3.2,3.4,4.6
growth_yoy,1/1/2023,p3.4,-0.4,4.7,4.1,-4.8,-4.3
growth_yoy,1/1/2023,p3.5,-0.8,2.5,1.2,-3.3,-2
growth_yoy,1/1/2023,p3.6,5.2,2.3,2.3,2.8,2.8
growth_yoy,1/1/2023,p3.7,-1.6,4.8,3.6,-6.1,-5.1
growth_yoy,1/1/2023,p3.8,3.5,5.4,4.8,-1.8,-1.2
growth_yoy,1/1/2023,p4,6,1.6,1.1,4.3,4.9
growth_yoy,1/1/2023,p5,5.1,4.1,3.4,1,1.6
growth_yoy,1/1/2023,p5.1,2.7,3.1,0.9,-0.4,1.8
growth_yoy,1/1/2023,p5.2,5.9,2.4,2.1,3.5,3.7
growth_yoy,1/1/2023,p5.3,7.1,9.2,8.5,-1.9,-1.2
growth_yoy,1/1/2023,p5.4,13.6,5.4,5.3,7.8,7.9
growth_yoy,1/1/2023,p5.5,3.6,3.1,4.7,0.5,-1.1
growth_yoy,1/1/2023,p5.6,-2.4,3.3,1.9,-5.6,-4.3
growth_yoy,1/1/2023,p5.7,8.6,4.6,2.7,3.8,5.7
growth_yoy,1/1/2023,p5.8,5.5,2.3,1.7,3.1,3.7
growth_yoy,1/1/2024,p0,5.1,2.9,2.6,2.1,2.4
growth_yoy,1/1/2024,p1,3.1,0.8,0.8,2.3,2.2
growth_yoy,1/1/2024,p2,0.9,0.5,0.3,0.4,0.6
growth_yoy,1/1/2024,p3,4.2,2,1.5,2.1,2.6
growth_yoy,1/1/2024,p3.1,4.9,3.9,2.5,1,2.4
growth_yoy,1/1/2024,p3.2,8.1,11.4,0,-2.9,8.1
growth_yoy,1/1/2024,p3.3,2.6,0.9,1.2,1.6,1.3
growth_yoy,1/1/2024,p3.4,5.1,-0.4,1.6,5.5,3.4
growth_yoy,1/1/2024,p3.5,3.2,4.4,2.3,-1.1,1
growth_yoy,1/1/2024,p3.6,7.5,1.7,2.3,5.7,5.1
growth_yoy,1/1/2024,p3.7,4.1,0.9,0.1,3.2,4
growth_yoy,1/1/2024,p3.8,1.1,1,0.7,0.1,0.4
growth_yoy,1/1/2024,p4,17.5,-0.1,0.9,17.6,16.5
growth_yoy,1/1/2024,p5,5.3,4,3.5,1.3,1.8
growth_yoy,1/1/2024,p5.1,3.6,3,5,0.5,-1.3
growth_yoy,1/1/2024,p5.2,4.3,3.7,3.4,0.6,0.8
growth_yoy,1/1/2024,p5.3,6.2,6.3,6.5,-0.1,-0.3
growth_yoy,1/1/2024,p5.4,10.7,2.3,4.1,8.2,6.3
growth_yoy,1/1/2024,p5.5,3.4,4.2,2.7,-0.8,0.7
growth_yoy,1/1/2024,p5.6,4.9,4.5,1.9,0.4,3
growth_yoy,1/1/2024,p5.7,9.5,3.3,2.8,6,6.5
growth_yoy,1/1/2024,p5.8,5.1,3.6,2,1.4,3.1
